Topic ID,Topic Name,Platform,Testimonial Hook,Story Format,Transformation Result,Visual Direction,CTA
1,The Law of the Lid,IG + LinkedIn,Lihat Bunda Sarah. Dulu pikir capacity-nya cuma ngurus rumah...,BEFORE: limited belief | JOURNEY: community learning + Maxwell principles | AFTER: expanded capacity,Sarah now manages team 5 people confident impactful earnings up,Testimonial video 15s + carousel visual,DM gue free consultation
2,The Law of Influence,IG Stories + LinkedIn,Bunda Delia tadinya merasa gak ada pengaruh di siapa pun...,LURKER: quiet observer doubting impact | SHARER: began sharing tips | INFLUENCER: 20+ ibu follow advice,20 people follow her advice not from followers but real trust,Bunda Delia testimonial video authentic,Join komunitas kami sekarang
3,The Law of Process,IG + LinkedIn,Bunda Tina join 30-day challenge. Day 1 nervous. Day 15 posted. Day 30 lead workshop...,DAY 1: afraid | DAY 15: 2 shares got engagement | DAY 30: lead workshop 10 ibu,Mindset shifted. Earning increased. Community leader now.,Before-after carousel + day-by-day progression,Join 30-day free challenge
4,The Law of Addition,IG + LinkedIn,Ika gak langsung ajakin jualan. Dia tanya kebutuhan dengarkan kasih solution gratis dulu...,VALUE FIRST: free help given | TRUST BUILDING: multiple interactions | CONVERSION: natural yes when offered,Trust earned. High conversion rate. Sustainable growth.,Testimonial quote + Ika helping moments,Learn Ika approach: value first
5,The Law of Respect,LinkedIn + IG,Yang aku respect dari Ika — integrity + competence tanpa perfect image...,OBSERVATION: Ika admits gaps | ADMIRATION: still leaders others | IMPACT: people follow authentic journey,Respect earned through being real imperfect honest,Multiple member testimonial carousel,Respect in leadership matters
6,The Law of Intuition,IG + LinkedIn,Cerita Bunda yang follow intuisi langsung dan berhasil...,GUT FEELING: intuition said yes | ACTION: acted despite doubt | SUCCESS: outcome validated intuition,Real result from trusted intuition + action,Bunda success story video testimonial,Trust your gut + act
7,The Law of Victory,IG + LinkedIn,Success story: Bunda komunitas mencapai milestone...,COMMUNITY GOAL: set together | JOURNEY: support each other | VICTORY: celebration shared,Community win celebrated together shared joy,Member success video authentic,Your win is our win always
8,The Law of Timing,LinkedIn,Bunda berbagi: saat yang tepat untuk ambil aksi besar...,WAITING: hesitated long time | MOMENT: realized perfect timing | ACTION: took leap,Timing-based breakthrough opened opportunities,Bunda interview detailed testimonial,What's your timing moment?
9,The Law of Priorities,IG + LinkedIn,Bunda share: prioritas #1 mereka sekarang in life/business...,CONFUSION: many roles unclear priority | CLARITY: focused on 1 thing | RESULT: breakthrough came fast,Priority clarity led to faster results focus,Bunda testimonial authentic voice,What's your #1 priority?
10,The Law of Legacy,IG + LinkedIn,Bunda yang Ika develop — mereka share legacy they building...,MENTEE: was confused wandering | MENTORSHIP: guidance given | MENTOR: now developing others,Legacy chain formed. Impact multiplicand,Mentee testimony about impact,Build your legacy now
21,Bunda Transformation,IG + LinkedIn,90-day full interview: Bunda [Name] complete journey...,DAY 1: situation challenges | JOURNEY: specific milestones | DAY 90: transformed visible,Before-after documented concrete results,Full interview video 5-10 min + carousel,Your transformation story?
22,Atomy Juice,IG,Bunda share: gimana jus Atomy impact kesehatan keluarga...,PROBLEM: fatigue low energy | SOLUTION: daily jus | RESULT: energy sustained all day,Real health improvement documented visible,Member testimonial + product shot,Try Atomy jus today
23,Skincare Journey,IG + LinkedIn,Bunda testimonial: kulit transformation setelah consistent...,BEFORE: skin issues insecure | ROUTINE: consistent Atomy skincare | AFTER: glowing confident,Skin improvement visible before-after photos,Member skin journey video authentic,Your skin glow starting?
24,Wellness Routine,IG + LinkedIn,Keluarga besar using Atomy — family wellness story...,FAMILY PROBLEM: frequent illness | SOLUTION: Atomy products routine | RESULT: whole family healthier,Whole family transformed health visible,Family testimonial video heartwarming,Family wellness now
25,Atomy for Family,IG + LinkedIn,Keluarga besar using Atomy — complete integration story...,ADOPTION: family tried product | INTEGRATION: becomes daily habit | BENEFIT: lifestyle improved health,Atomy integrated into daily family life,Family moments + product integration,Join Atomy family today
26,Community Events,IG + LinkedIn,Event recap + Bunda reflections yang deeply felt...,BEFORE EVENT: strangers online | GATHERING: in-person connection | AFTER: bonds strengthened local community,Offline gathering magic connection deepened,Event footage + member reflection video,Next gathering when?
27,Success Metrics,IG + LinkedIn,Bunda contribution: siapa yang mereka bawa komunitas...,EFFORT: brought 3 friends | IMPACT: 3 became active | RESULT: community grew from 150 to 160,Collective growth celebrated acknowledged,Growth chart + member shoutout,You're part of our growth!
28,Quarterly Review,LinkedIn + IG,Bunda share: their quarterly reflection personal community...,SELF: internal growth accomplished | COMMUNITY: external impact seen | GRATITUDE: celebrated journey,Both individual + collective progress shown,Reflection testimonial video honest,Your quarterly reflection?
29,Gratitude,IG,Appreciation circle — member publicly thanks member...,GIVER: contributed generously | RECEIVER: been supported transformed | GRATITUDE: public acknowledgment,Community bonds strengthened public appreciation,Member appreciation video heartfelt,Show appreciation daily
30,Vision 2027,IG + LinkedIn,Bunda vision: apa mereka mau contribute ke komunitas 2027...,COMMITMENT: stated specific goal | ALIGNMENT: with community vision | ACTION: started preparing now,Community 2027 vision co-created members,Member vision statement video hopeful,What's your 2027 vision?